event_id,mandate_id,customer_id,bank,mandate_type,segment,event_ts,billing_cycle,amount,mandate_reliability,raw_error_code,true_cause
EVT-42-00000,MND-00118,CUST-00118,HDFC,UPI_AUTOPAY,HDFC:UPI_AUTOPAY,2026-08-11 00:23:04+00:00,2026-08,199,0.953,BANK_NOT_AVAILABLE,bank_downtime
EVT-42-00001,MND-00018,CUST-00018,AXIS,UPI_AUTOPAY,AXIS:UPI_AUTOPAY,2026-07-21 06:11:04+00:00,2026-07,4999,0.615,PER_TXN_LIMIT_EXCEEDED,payer_limit_exceeded
EVT-42-00002,MND-00062,CUST-00062,ICICI,UPI_AUTOPAY,ICICI:UPI_AUTOPAY,2026-08-17 18:49:30+00:00,2026-08,999,0.804,BANK_NOT_AVAILABLE,bank_downtime
EVT-42-00003,MND-00017,CUST-00017,HDFC,UPI_AUTOPAY,HDFC:UPI_AUTOPAY,2026-08-04 09:49:20+00:00,2026-08,999,0.765,U90,technical_decline
EVT-42-00004,MND-00081,CUST-00081,ICICI,UPI_AUTOPAY,ICICI:UPI_AUTOPAY,2026-08-25 09:07:22+00:00,2026-08,199,0.788,U30,bank_downtime
EVT-42-00005,MND-00133,CUST-00133,SBI,UPI_AUTOPAY,SBI:UPI_AUTOPAY,2026-07-23 08:19:03+00:00,2026-07,2999,0.649,U68,technical_decline
EVT-42-00006,MND-00011,CUST-00011,AXIS,UPI_AUTOPAY,AXIS:UPI_AUTOPAY,2026-08-13 23:24:00+00:00,2026-08,199,0.622,AUTH_TIMEOUT,authentication_failure
EVT-42-00007,MND-00057,CUST-00057,HDFC,UPI_AUTOPAY,HDFC:UPI_AUTOPAY,2026-08-15 16:48:54+00:00,2026-08,499,0.803,UMN,mandate_revoked
EVT-42-00008,MND-00140,CUST-00140,AXIS,UPI_AUTOPAY,AXIS:UPI_AUTOPAY,2026-08-04 03:29:22+00:00,2026-08,2999,0.636,U16,payer_limit_exceeded
EVT-42-00009,MND-00043,CUST-00043,ICICI,UPI_AUTOPAY,ICICI:UPI_AUTOPAY,2026-08-08 18:12:26+00:00,2026-08,199,0.918,U16,payer_limit_exceeded
EVT-42-00010,MND-00019,CUST-00019,ICICI,UPI_AUTOPAY,ICICI:UPI_AUTOPAY,2026-07-23 16:48:27+00:00,2026-07,999,0.849,U90,technical_decline
EVT-42-00011,MND-00070,CUST-00070,AXIS,UPI_AUTOPAY,AXIS:UPI_AUTOPAY,2026-08-07 16:15:37+00:00,2026-08,999,0.953,INSUFFICIENT_FUNDS,insufficient_funds
EVT-42-00012,MND-00073,CUST-00073,HDFC,UPI_AUTOPAY,HDFC:UPI_AUTOPAY,2026-08-07 19:44:34+00:00,2026-08,199,0.665,MANDATE_REVOKED_BY_PAYER,mandate_revoked
EVT-42-00013,MND-00095,CUST-00095,ICICI,UPI_AUTOPAY,ICICI:UPI_AUTOPAY,2026-08-26 20:16:10+00:00,2026-08,499,0.898,U30,bank_downtime
EVT-42-00014,MND-00045,CUST-00045,AXIS,UPI_AUTOPAY,AXIS:UPI_AUTOPAY,2026-08-30 15:40:18+00:00,2026-08,499,0.859,MANDATE_REVOKED_BY_PAYER,mandate_revoked
EVT-42-00015,MND-00137,CUST-00137,HDFC,UPI_AUTOPAY,HDFC:UPI_AUTOPAY,2026-08-13 03:01:00+00:00,2026-08,2999,0.768,BANK_NOT_AVAILABLE,bank_downtime
EVT-42-00016,MND-00075,CUST-00075,ICICI,UPI_AUTOPAY,ICICI:UPI_AUTOPAY,2026-07-17 23:57:48+00:00,2026-07,4999,0.774,UMN,mandate_revoked
EVT-42-00017,MND-00041,CUST-00041,AXIS,UPI_AUTOPAY,AXIS:UPI_AUTOPAY,2026-07-20 17:12:08+00:00,2026-07,4999,0.799,UMN,mandate_revoked
EVT-42-00018,MND-00138,CUST-00138,ICICI,UPI_AUTOPAY,ICICI:UPI_AUTOPAY,2026-08-02 22:32:42+00:00,2026-08,199,0.849,U14,insufficient_funds
EVT-42-00019,MND-00133,CUST-00133,SBI,UPI_AUTOPAY,SBI:UPI_AUTOPAY,2026-08-02 10:31:28+00:00,2026-08,199,0.649,UMN,mandate_revoked
EVT-42-00020,MND-00071,CUST-00071,HDFC,UPI_AUTOPAY,HDFC:UPI_AUTOPAY,2026-08-13 17:59:09+00:00,2026-08,199,0.796,PER_TXN_LIMIT_EXCEEDED,payer_limit_exceeded
EVT-42-00021,MND-00003,CUST-00003,ICICI,UPI_AUTOPAY,ICICI:UPI_AUTOPAY,2026-08-23 04:59:34+00:00,2026-08,999,0.671,PER_TXN_LIMIT_EXCEEDED,payer_limit_exceeded
EVT-42-00022,MND-00085,CUST-00085,SBI,UPI_AUTOPAY,SBI:UPI_AUTOPAY,2026-08-30 09:57:35+00:00,2026-08,199,0.834,U14,insufficient_funds
EVT-42-00023,MND-00079,CUST-00079,SBI,UPI_AUTOPAY,SBI:UPI_AUTOPAY,2026-08-15 05:11:18+00:00,2026-08,499,0.935,MANDATE_REVOKED_BY_PAYER,mandate_revoked
EVT-42-00024,MND-00021,CUST-00021,ICICI,UPI_AUTOPAY,ICICI:UPI_AUTOPAY,2026-08-16 08:45:44+00:00,2026-08,4999,0.714,TECHNICAL_ERROR,technical_decline
EVT-42-00025,MND-00091,CUST-00091,AXIS,UPI_AUTOPAY,AXIS:UPI_AUTOPAY,2026-08-22 13:28:44+00:00,2026-08,4999,0.566,U69,bank_downtime
EVT-42-00026,MND-00121,CUST-00121,SBI,UPI_AUTOPAY,SBI:UPI_AUTOPAY,2026-08-19 03:20:13+00:00,2026-08,4999,0.907,U69,bank_downtime
EVT-42-00027,MND-00015,CUST-00015,AXIS,UPI_AUTOPAY,AXIS:UPI_AUTOPAY,2026-08-29 12:34:12+00:00,2026-08,499,0.749,BANK_NOT_AVAILABLE,bank_downtime
EVT-42-00028,MND-00104,CUST-00104,AXIS,UPI_AUTOPAY,AXIS:UPI_AUTOPAY,2026-08-03 01:12:06+00:00,2026-08,2999,0.737,MANDATE_SUSPENDED,mandate_paused
EVT-42-00029,MND-00020,CUST-00020,SBI,UPI_AUTOPAY,SBI:UPI_AUTOPAY,2026-07-20 00:07:38+00:00,2026-07,2999,0.742,INSUFFICIENT_FUNDS,insufficient_funds
EVT-42-00030,MND-00107,CUST-00107,SBI,UPI_AUTOPAY,SBI:UPI_AUTOPAY,2026-07-30 09:51:49+00:00,2026-07,199,0.872,PER_TXN_LIMIT_EXCEEDED,payer_limit_exceeded
EVT-42-00031,MND-00060,CUST-00060,AXIS,UPI_AUTOPAY,AXIS:UPI_AUTOPAY,2026-08-10 07:48:35+00:00,2026-08,999,0.8,M014,mandate_paused
EVT-42-00032,MND-00000,CUST-00000,HDFC,UPI_AUTOPAY,HDFC:UPI_AUTOPAY,2026-08-12 17:51:51+00:00,2026-08,999,0.917,U14,insufficient_funds
EVT-42-00033,MND-00139,CUST-00139,ICICI,UPI_AUTOPAY,ICICI:UPI_AUTOPAY,2026-08-17 04:26:56+00:00,2026-08,499,0.8,U90,technical_decline
EVT-42-00034,MND-00023,CUST-00023,AXIS,UPI_AUTOPAY,AXIS:UPI_AUTOPAY,2026-08-24 07:52:55+00:00,2026-08,2999,0.821,U16,payer_limit_exceeded
EVT-42-00035,MND-00085,CUST-00085,SBI,UPI_AUTOPAY,SBI:UPI_AUTOPAY,2026-08-04 02:20:20+00:00,2026-08,2999,0.834,U14,insufficient_funds
EVT-42-00036,MND-00026,CUST-00026,ICICI,UPI_AUTOPAY,ICICI:UPI_AUTOPAY,2026-08-05 17:35:31+00:00,2026-08,999,0.601,U14,insufficient_funds
EVT-42-00037,MND-00134,CUST-00134,AXIS,UPI_AUTOPAY,AXIS:UPI_AUTOPAY,2026-08-30 05:05:53+00:00,2026-08,2999,0.607,INSUFFICIENT_FUNDS,insufficient_funds
EVT-42-00038,MND-00106,CUST-00106,AXIS,UPI_AUTOPAY,AXIS:UPI_AUTOPAY,2026-08-12 12:42:49+00:00,2026-08,2999,0.933,U30,bank_downtime
EVT-42-00039,MND-00115,CUST-00115,SBI,UPI_AUTOPAY,SBI:UPI_AUTOPAY,2026-08-18 19:33:21+00:00,2026-08,999,0.591,U69,bank_downtime
EVT-42-00040,MND-00062,CUST-00062,ICICI,UPI_AUTOPAY,ICICI:UPI_AUTOPAY,2026-08-23 19:53:29+00:00,2026-08,499,0.804,U90,technical_decline
EVT-42-00041,MND-00067,CUST-00067,ICICI,UPI_AUTOPAY,ICICI:UPI_AUTOPAY,2026-07-30 10:30:29+00:00,2026-07,2999,0.586,INSUFFICIENT_FUNDS,insufficient_funds
EVT-42-00042,MND-00091,CUST-00091,AXIS,UPI_AUTOPAY,AXIS:UPI_AUTOPAY,2026-08-07 16:20:00+00:00,2026-08,2999,0.566,U14,insufficient_funds
EVT-42-00043,MND-00113,CUST-00113,ICICI,UPI_AUTOPAY,ICICI:UPI_AUTOPAY,2026-08-02 21:33:17+00:00,2026-08,4999,0.835,PER_TXN_LIMIT_EXCEEDED,payer_limit_exceeded
EVT-42-00044,MND-00121,CUST-00121,SBI,UPI_AUTOPAY,SBI:UPI_AUTOPAY,2026-07-29 13:44:55+00:00,2026-07,199,0.907,UMN,mandate_revoked
EVT-42-00045,MND-00002,CUST-00002,SBI,UPI_AUTOPAY,SBI:UPI_AUTOPAY,2026-07-17 08:19:48+00:00,2026-07,999,0.575,TECHNICAL_ERROR,technical_decline
EVT-42-00046,MND-00095,CUST-00095,ICICI,UPI_AUTOPAY,ICICI:UPI_AUTOPAY,2026-07-25 16:20:43+00:00,2026-07,4999,0.898,U16,payer_limit_exceeded
EVT-42-00047,MND-00015,CUST-00015,AXIS,UPI_AUTOPAY,AXIS:UPI_AUTOPAY,2026-08-03 01:04:18+00:00,2026-08,999,0.749,INSUFFICIENT_FUNDS,insufficient_funds
EVT-42-00048,MND-00041,CUST-00041,AXIS,UPI_AUTOPAY,AXIS:UPI_AUTOPAY,2026-07-22 05:17:28+00:00,2026-07,4999,0.799,U14,insufficient_funds
EVT-42-00049,MND-00119,CUST-00119,HDFC,UPI_AUTOPAY,HDFC:UPI_AUTOPAY,2026-08-09 11:41:40+00:00,2026-08,199,0.654,ERR_UNMAPPED_9007,unknown
EVT-42-00050,MND-00036,CUST-00036,AXIS,UPI_AUTOPAY,AXIS:UPI_AUTOPAY,2026-07-17 01:34:06+00:00,2026-07,199,0.591,PER_TXN_LIMIT_EXCEEDED,payer_limit_exceeded
EVT-42-00051,MND-00114,CUST-00114,SBI,UPI_AUTOPAY,SBI:UPI_AUTOPAY,2026-07-27 13:36:32+00:00,2026-07,2999,0.711,TECHNICAL_ERROR,technical_decline
EVT-42-00052,MND-00066,CUST-00066,AXIS,UPI_AUTOPAY,AXIS:UPI_AUTOPAY,2026-08-01 20:38:53+00:00,2026-08,499,0.887,BANK_NOT_AVAILABLE,bank_downtime
EVT-42-00053,MND-00033,CUST-00033,SBI,UPI_AUTOPAY,SBI:UPI_AUTOPAY,2026-07-21 23:08:24+00:00,2026-07,999,0.858,U54,authentication_failure
EVT-42-00054,MND-00048,CUST-00048,SBI,UPI_AUTOPAY,SBI:UPI_AUTOPAY,2026-08-07 01:29:15+00:00,2026-08,999,0.801,M014,mandate_paused
EVT-42-00055,MND-00076,CUST-00076,ICICI,UPI_AUTOPAY,ICICI:UPI_AUTOPAY,2026-07-29 00:57:56+00:00,2026-07,999,0.739,U30,bank_downtime
EVT-42-00056,MND-00110,CUST-00110,ICICI,UPI_AUTOPAY,ICICI:UPI_AUTOPAY,2026-08-18 06:15:29+00:00,2026-08,4999,0.773,UMN,mandate_revoked
EVT-42-00057,MND-00087,CUST-00087,ICICI,UPI_AUTOPAY,ICICI:UPI_AUTOPAY,2026-07-18 21:31:41+00:00,2026-07,199,0.881,MANDATE_SUSPENDED,mandate_paused
EVT-42-00058,MND-00134,CUST-00134,AXIS,UPI_AUTOPAY,AXIS:UPI_AUTOPAY,2026-08-02 16:57:09+00:00,2026-08,2999,0.607,U30,bank_downtime
EVT-42-00059,MND-00124,CUST-00124,AXIS,UPI_AUTOPAY,AXIS:UPI_AUTOPAY,2026-07-26 23:00:51+00:00,2026-07,4999,0.808,U14,insufficient_funds
EVT-42-00060,MND-00108,CUST-00108,ICICI,UPI_AUTOPAY,ICICI:UPI_AUTOPAY,2026-08-10 22:46:13+00:00,2026-08,2999,0.933,AUTH_TIMEOUT,authentication_failure
EVT-42-00061,MND-00086,CUST-00086,HDFC,UPI_AUTOPAY,HDFC:UPI_AUTOPAY,2026-07-22 18:05:40+00:00,2026-07,499,0.863,INSUFFICIENT_FUNDS,insufficient_funds
EVT-42-00062,MND-00041,CUST-00041,AXIS,UPI_AUTOPAY,AXIS:UPI_AUTOPAY,2026-08-27 10:16:07+00:00,2026-08,199,0.799,U14,insufficient_funds
EVT-42-00063,MND-00059,CUST-00059,SBI,UPI_AUTOPAY,SBI:UPI_AUTOPAY,2026-08-25 22:25:39+00:00,2026-08,2999,0.948,U14,insufficient_funds
EVT-42-00064,MND-00017,CUST-00017,HDFC,UPI_AUTOPAY,HDFC:UPI_AUTOPAY,2026-08-08 00:22:11+00:00,2026-08,999,0.765,U14,insufficient_funds
EVT-42-00065,MND-00053,CUST-00053,ICICI,UPI_AUTOPAY,ICICI:UPI_AUTOPAY,2026-07-29 13:04:38+00:00,2026-07,199,0.762,TECHNICAL_ERROR,technical_decline
EVT-42-00066,MND-00133,CUST-00133,SBI,UPI_AUTOPAY,SBI:UPI_AUTOPAY,2026-07-25 17:40:04+00:00,2026-07,499,0.649,PER_TXN_LIMIT_EXCEEDED,payer_limit_exceeded
EVT-42-00067,MND-00061,CUST-00061,SBI,UPI_AUTOPAY,SBI:UPI_AUTOPAY,2026-08-11 11:36:51+00:00,2026-08,4999,0.699,U30,bank_downtime
EVT-42-00068,MND-00016,CUST-00016,SBI,UPI_AUTOPAY,SBI:UPI_AUTOPAY,2026-08-01 05:02:11+00:00,2026-08,499,0.619,XZ-991,unknown
EVT-42-00069,MND-00093,CUST-00093,ICICI,UPI_AUTOPAY,ICICI:UPI_AUTOPAY,2026-08-06 16:29:54+00:00,2026-08,199,0.709,U54,authentication_failure
EVT-42-00070,MND-00138,CUST-00138,ICICI,UPI_AUTOPAY,ICICI:UPI_AUTOPAY,2026-07-18 22:51:35+00:00,2026-07,2999,0.849,INSUFFICIENT_FUNDS,insufficient_funds
EVT-42-00071,MND-00124,CUST-00124,AXIS,UPI_AUTOPAY,AXIS:UPI_AUTOPAY,2026-08-01 22:46:38+00:00,2026-08,199,0.808,U54,authentication_failure
EVT-42-00072,MND-00039,CUST-00039,SBI,UPI_AUTOPAY,SBI:UPI_AUTOPAY,2026-08-12 03:33:09+00:00,2026-08,4999,0.637,BANK_NOT_AVAILABLE,bank_downtime
EVT-42-00073,MND-00065,CUST-00065,ICICI,UPI_AUTOPAY,ICICI:UPI_AUTOPAY,2026-07-18 21:19:18+00:00,2026-07,4999,0.757,XZ-991,unknown
EVT-42-00074,MND-00076,CUST-00076,ICICI,UPI_AUTOPAY,ICICI:UPI_AUTOPAY,2026-08-26 08:44:48+00:00,2026-08,4999,0.739,M014,mandate_paused
EVT-42-00075,MND-00035,CUST-00035,HDFC,UPI_AUTOPAY,HDFC:UPI_AUTOPAY,2026-07-17 14:46:19+00:00,2026-07,4999,0.667,MANDATE_SUSPENDED,mandate_paused
EVT-42-00076,MND-00038,CUST-00038,ICICI,UPI_AUTOPAY,ICICI:UPI_AUTOPAY,2026-08-24 05:20:23+00:00,2026-08,499,0.746,U30,bank_downtime
EVT-42-00077,MND-00034,CUST-00034,AXIS,UPI_AUTOPAY,AXIS:UPI_AUTOPAY,2026-08-18 22:32:51+00:00,2026-08,499,0.743,U90,technical_decline
EVT-42-00078,MND-00143,CUST-00143,ICICI,UPI_AUTOPAY,ICICI:UPI_AUTOPAY,2026-07-25 02:27:11+00:00,2026-07,499,0.868,U69,bank_downtime
EVT-42-00079,MND-00107,CUST-00107,SBI,UPI_AUTOPAY,SBI:UPI_AUTOPAY,2026-07-28 07:14:37+00:00,2026-07,999,0.872,INSUFFICIENT_FUNDS,insufficient_funds
EVT-42-00080,MND-00121,CUST-00121,SBI,UPI_AUTOPAY,SBI:UPI_AUTOPAY,2026-07-18 13:13:03+00:00,2026-07,4999,0.907,U30,bank_downtime
EVT-42-00081,MND-00117,CUST-00117,HDFC,UPI_AUTOPAY,HDFC:UPI_AUTOPAY,2026-07-28 19:01:54+00:00,2026-07,2999,0.663,U16,payer_limit_exceeded
EVT-42-00082,MND-00138,CUST-00138,ICICI,UPI_AUTOPAY,ICICI:UPI_AUTOPAY,2026-08-02 00:32:55+00:00,2026-08,2999,0.849,U69,bank_downtime
EVT-42-00083,MND-00015,CUST-00015,AXIS,UPI_AUTOPAY,AXIS:UPI_AUTOPAY,2026-08-15 16:45:02+00:00,2026-08,4999,0.749,TECHNICAL_ERROR,technical_decline
EVT-42-00084,MND-00126,CUST-00126,HDFC,UPI_AUTOPAY,HDFC:UPI_AUTOPAY,2026-08-30 12:13:40+00:00,2026-08,2999,0.634,MANDATE_SUSPENDED,mandate_paused
EVT-42-00085,MND-00009,CUST-00009,HDFC,UPI_AUTOPAY,HDFC:UPI_AUTOPAY,2026-08-25 14:32:28+00:00,2026-08,499,0.725,BANK_NOT_AVAILABLE,bank_downtime
EVT-42-00086,MND-00068,CUST-00068,HDFC,UPI_AUTOPAY,HDFC:UPI_AUTOPAY,2026-08-17 18:28:01+00:00,2026-08,999,0.759,BANK_NOT_AVAILABLE,bank_downtime
EVT-42-00087,MND-00085,CUST-00085,SBI,UPI_AUTOPAY,SBI:UPI_AUTOPAY,2026-08-29 14:00:05+00:00,2026-08,999,0.834,U30,bank_downtime
EVT-42-00088,MND-00051,CUST-00051,HDFC,UPI_AUTOPAY,HDFC:UPI_AUTOPAY,2026-08-08 20:21:52+00:00,2026-08,199,0.729,MANDATE_REVOKED_BY_PAYER,mandate_revoked
EVT-42-00089,MND-00021,CUST-00021,ICICI,UPI_AUTOPAY,ICICI:UPI_AUTOPAY,2026-07-27 23:57:37+00:00,2026-07,2999,0.714,AUTH_TIMEOUT,authentication_failure
EVT-42-00090,MND-00027,CUST-00027,AXIS,UPI_AUTOPAY,AXIS:UPI_AUTOPAY,2026-07-18 17:02:25+00:00,2026-07,2999,0.964,U14,insufficient_funds
EVT-42-00091,MND-00118,CUST-00118,HDFC,UPI_AUTOPAY,HDFC:UPI_AUTOPAY,2026-08-08 21:18:38+00:00,2026-08,2999,0.953,AUTH_TIMEOUT,authentication_failure
EVT-42-00092,MND-00045,CUST-00045,AXIS,UPI_AUTOPAY,AXIS:UPI_AUTOPAY,2026-07-22 14:02:44+00:00,2026-07,999,0.859,U69,bank_downtime
EVT-42-00093,MND-00044,CUST-00044,HDFC,UPI_AUTOPAY,HDFC:UPI_AUTOPAY,2026-07-17 03:17:38+00:00,2026-07,2999,0.876,AUTH_TIMEOUT,authentication_failure
EVT-42-00094,MND-00132,CUST-00132,HDFC,UPI_AUTOPAY,HDFC:UPI_AUTOPAY,2026-07-23 20:05:55+00:00,2026-07,4999,0.556,TECHNICAL_ERROR,technical_decline
EVT-42-00095,MND-00020,CUST-00020,SBI,UPI_AUTOPAY,SBI:UPI_AUTOPAY,2026-08-10 23:58:14+00:00,2026-08,999,0.742,U16,payer_limit_exceeded
EVT-42-00096,MND-00131,CUST-00131,SBI,UPI_AUTOPAY,SBI:UPI_AUTOPAY,2026-08-16 21:20:02+00:00,2026-08,999,0.612,MANDATE_SUSPENDED,mandate_paused
EVT-42-00097,MND-00132,CUST-00132,HDFC,UPI_AUTOPAY,HDFC:UPI_AUTOPAY,2026-07-17 11:48:15+00:00,2026-07,199,0.556,U54,authentication_failure
EVT-42-00098,MND-00086,CUST-00086,HDFC,UPI_AUTOPAY,HDFC:UPI_AUTOPAY,2026-08-20 17:24:14+00:00,2026-08,2999,0.863,U69,bank_downtime
EVT-42-00099,MND-00023,CUST-00023,AXIS,UPI_AUTOPAY,AXIS:UPI_AUTOPAY,2026-08-12 12:15:08+00:00,2026-08,4999,0.821,U69,bank_downtime
EVT-42-00100,MND-00022,CUST-00022,HDFC,UPI_AUTOPAY,HDFC:UPI_AUTOPAY,2026-08-27 23:17:53+00:00,2026-08,2999,0.68,U69,bank_downtime
EVT-42-00101,MND-00040,CUST-00040,HDFC,UPI_AUTOPAY,HDFC:UPI_AUTOPAY,2026-07-26 16:00:21+00:00,2026-07,4999,0.682,U14,insufficient_funds
EVT-42-00102,MND-00083,CUST-00083,AXIS,UPI_AUTOPAY,AXIS:UPI_AUTOPAY,2026-08-01 14:09:25+00:00,2026-08,4999,0.839,PER_TXN_LIMIT_EXCEEDED,payer_limit_exceeded
EVT-42-00103,MND-00022,CUST-00022,HDFC,UPI_AUTOPAY,HDFC:UPI_AUTOPAY,2026-08-27 13:38:54+00:00,2026-08,2999,0.68,M014,mandate_paused
EVT-42-00104,MND-00065,CUST-00065,ICICI,UPI_AUTOPAY,ICICI:UPI_AUTOPAY,2026-08-21 10:46:20+00:00,2026-08,999,0.757,AUTH_TIMEOUT,authentication_failure
EVT-42-00105,MND-00016,CUST-00016,SBI,UPI_AUTOPAY,SBI:UPI_AUTOPAY,2026-08-06 05:15:58+00:00,2026-08,199,0.619,BANK_NOT_AVAILABLE,bank_downtime
EVT-42-00106,MND-00077,CUST-00077,HDFC,UPI_AUTOPAY,HDFC:UPI_AUTOPAY,2026-08-06 12:47:12+00:00,2026-08,199,0.559,U16,payer_limit_exceeded
EVT-42-00107,MND-00003,CUST-00003,ICICI,UPI_AUTOPAY,ICICI:UPI_AUTOPAY,2026-07-25 03:48:40+00:00,2026-07,499,0.671,U69,bank_downtime
EVT-42-00108,MND-00102,CUST-00102,AXIS,UPI_AUTOPAY,AXIS:UPI_AUTOPAY,2026-08-19 11:17:11+00:00,2026-08,999,0.621,INSUFFICIENT_FUNDS,insufficient_funds
EVT-42-00109,MND-00007,CUST-00007,SBI,UPI_AUTOPAY,SBI:UPI_AUTOPAY,2026-07-20 17:45:06+00:00,2026-07,2999,0.887,PER_TXN_LIMIT_EXCEEDED,payer_limit_exceeded
EVT-42-00110,MND-00028,CUST-00028,SBI,UPI_AUTOPAY,SBI:UPI_AUTOPAY,2026-08-10 18:30:13+00:00,2026-08,999,0.941,XZ-991,unknown
EVT-42-00111,MND-00025,CUST-00025,SBI,UPI_AUTOPAY,SBI:UPI_AUTOPAY,2026-07-24 16:15:37+00:00,2026-07,199,0.588,MANDATE_REVOKED_BY_PAYER,mandate_revoked
EVT-42-00112,MND-00119,CUST-00119,HDFC,UPI_AUTOPAY,HDFC:UPI_AUTOPAY,2026-08-20 09:39:40+00:00,2026-08,499,0.654,BANK_NOT_AVAILABLE,bank_downtime
EVT-42-00113,MND-00007,CUST-00007,SBI,UPI_AUTOPAY,SBI:UPI_AUTOPAY,2026-08-29 18:10:50+00:00,2026-08,4999,0.887,MANDATE_REVOKED_BY_PAYER,mandate_revoked
EVT-42-00114,MND-00061,CUST-00061,SBI,UPI_AUTOPAY,SBI:UPI_AUTOPAY,2026-08-28 02:03:36+00:00,2026-08,4999,0.699,U69,bank_downtime
EVT-42-00115,MND-00085,CUST-00085,SBI,UPI_AUTOPAY,SBI:UPI_AUTOPAY,2026-08-14 12:29:00+00:00,2026-08,499,0.834,U90,technical_decline
EVT-42-00116,MND-00074,CUST-00074,SBI,UPI_AUTOPAY,SBI:UPI_AUTOPAY,2026-07-19 03:16:54+00:00,2026-07,4999,0.693,U16,payer_limit_exceeded
EVT-42-00117,MND-00098,CUST-00098,SBI,UPI_AUTOPAY,SBI:UPI_AUTOPAY,2026-08-28 07:36:07+00:00,2026-08,2999,0.675,U69,bank_downtime
EVT-42-00118,MND-00115,CUST-00115,SBI,UPI_AUTOPAY,SBI:UPI_AUTOPAY,2026-08-14 15:59:59+00:00,2026-08,4999,0.591,BANK_NOT_AVAILABLE,bank_downtime
EVT-42-00119,MND-00056,CUST-00056,SBI,UPI_AUTOPAY,SBI:UPI_AUTOPAY,2026-08-26 18:31:19+00:00,2026-08,4999,0.594,BANK_NOT_AVAILABLE,bank_downtime
EVT-42-00120,MND-00119,CUST-00119,HDFC,UPI_AUTOPAY,HDFC:UPI_AUTOPAY,2026-07-20 06:08:44+00:00,2026-07,2999,0.654,XZ-991,unknown
EVT-42-00121,MND-00045,CUST-00045,AXIS,UPI_AUTOPAY,AXIS:UPI_AUTOPAY,2026-07-31 16:03:45+00:00,2026-07,499,0.859,INSUFFICIENT_FUNDS,insufficient_funds
EVT-42-00122,MND-00141,CUST-00141,HDFC,UPI_AUTOPAY,HDFC:UPI_AUTOPAY,2026-07-27 18:04:31+00:00,2026-07,2999,0.896,PER_TXN_LIMIT_EXCEEDED,payer_limit_exceeded
EVT-42-00123,MND-00072,CUST-00072,ICICI,UPI_AUTOPAY,ICICI:UPI_AUTOPAY,2026-07-29 01:40:15+00:00,2026-07,499,0.754,M014,mandate_paused
EVT-42-00124,MND-00105,CUST-00105,AXIS,UPI_AUTOPAY,AXIS:UPI_AUTOPAY,2026-08-01 12:25:01+00:00,2026-08,499,0.977,MANDATE_REVOKED_BY_PAYER,mandate_revoked
EVT-42-00125,MND-00126,CUST-00126,HDFC,UPI_AUTOPAY,HDFC:UPI_AUTOPAY,2026-07-27 22:50:04+00:00,2026-07,2999,0.634,U69,bank_downtime
EVT-42-00126,MND-00114,CUST-00114,SBI,UPI_AUTOPAY,SBI:UPI_AUTOPAY,2026-08-30 12:07:33+00:00,2026-08,999,0.711,U90,technical_decline
EVT-42-00127,MND-00122,CUST-00122,SBI,UPI_AUTOPAY,SBI:UPI_AUTOPAY,2026-07-23 12:56:30+00:00,2026-07,999,0.616,U14,insufficient_funds
EVT-42-00128,MND-00077,CUST-00077,HDFC,UPI_AUTOPAY,HDFC:UPI_AUTOPAY,2026-07-28 03:15:54+00:00,2026-07,499,0.559,MANDATE_REVOKED_BY_PAYER,mandate_revoked
EVT-42-00129,MND-00006,CUST-00006,HDFC,UPI_AUTOPAY,HDFC:UPI_AUTOPAY,2026-07-28 06:55:22+00:00,2026-07,999,0.79,M014,mandate_paused
EVT-42-00130,MND-00071,CUST-00071,HDFC,UPI_AUTOPAY,HDFC:UPI_AUTOPAY,2026-08-13 19:24:27+00:00,2026-08,199,0.796,M014,mandate_paused
EVT-42-00131,MND-00026,CUST-00026,ICICI,UPI_AUTOPAY,ICICI:UPI_AUTOPAY,2026-07-25 20:23:21+00:00,2026-07,2999,0.601,TECHNICAL_ERROR,technical_decline
EVT-42-00132,MND-00128,CUST-00128,SBI,UPI_AUTOPAY,SBI:UPI_AUTOPAY,2026-08-13 09:30:50+00:00,2026-08,999,0.884,U69,bank_downtime
EVT-42-00133,MND-00034,CUST-00034,AXIS,UPI_AUTOPAY,AXIS:UPI_AUTOPAY,2026-08-28 22:51:47+00:00,2026-08,4999,0.743,U14,insufficient_funds
EVT-42-00134,MND-00032,CUST-00032,HDFC,UPI_AUTOPAY,HDFC:UPI_AUTOPAY,2026-07-21 16:20:38+00:00,2026-07,999,0.885,U14,insufficient_funds
EVT-42-00135,MND-00035,CUST-00035,HDFC,UPI_AUTOPAY,HDFC:UPI_AUTOPAY,2026-08-20 20:41:00+00:00,2026-08,999,0.667,U14,insufficient_funds
EVT-42-00136,MND-00092,CUST-00092,AXIS,UPI_AUTOPAY,AXIS:UPI_AUTOPAY,2026-08-26 23:30:24+00:00,2026-08,199,0.789,U69,bank_downtime
EVT-42-00137,MND-00082,CUST-00082,HDFC,UPI_AUTOPAY,HDFC:UPI_AUTOPAY,2026-08-03 01:56:54+00:00,2026-08,199,0.597,BANK_NOT_AVAILABLE,bank_downtime
EVT-42-00138,MND-00136,CUST-00136,SBI,UPI_AUTOPAY,SBI:UPI_AUTOPAY,2026-08-20 21:50:40+00:00,2026-08,499,0.602,U14,insufficient_funds
EVT-42-00139,MND-00059,CUST-00059,SBI,UPI_AUTOPAY,SBI:UPI_AUTOPAY,2026-07-23 23:46:40+00:00,2026-07,499,0.948,U14,insufficient_funds
EVT-42-00140,MND-00040,CUST-00040,HDFC,UPI_AUTOPAY,HDFC:UPI_AUTOPAY,2026-08-11 01:36:39+00:00,2026-08,499,0.682,U14,insufficient_funds
EVT-42-00141,MND-00007,CUST-00007,SBI,UPI_AUTOPAY,SBI:UPI_AUTOPAY,2026-08-30 19:28:49+00:00,2026-08,499,0.887,MANDATE_REVOKED_BY_PAYER,mandate_revoked
EVT-42-00142,MND-00001,CUST-00001,AXIS,UPI_AUTOPAY,AXIS:UPI_AUTOPAY,2026-07-19 04:24:10+00:00,2026-07,2999,0.651,MANDATE_SUSPENDED,mandate_paused
EVT-42-00143,MND-00053,CUST-00053,ICICI,UPI_AUTOPAY,ICICI:UPI_AUTOPAY,2026-08-07 23:14:58+00:00,2026-08,199,0.762,U14,insufficient_funds
EVT-42-00144,MND-00133,CUST-00133,SBI,UPI_AUTOPAY,SBI:UPI_AUTOPAY,2026-08-19 20:18:53+00:00,2026-08,499,0.649,U14,insufficient_funds
EVT-42-00145,MND-00075,CUST-00075,ICICI,UPI_AUTOPAY,ICICI:UPI_AUTOPAY,2026-07-31 21:20:42+00:00,2026-07,199,0.774,U69,bank_downtime
EVT-42-00146,MND-00128,CUST-00128,SBI,UPI_AUTOPAY,SBI:UPI_AUTOPAY,2026-08-07 07:02:59+00:00,2026-08,499,0.884,MANDATE_REVOKED_BY_PAYER,mandate_revoked
EVT-42-00147,MND-00014,CUST-00014,SBI,UPI_AUTOPAY,SBI:UPI_AUTOPAY,2026-08-29 09:07:00+00:00,2026-08,2999,0.861,U14,insufficient_funds
EVT-42-00148,MND-00013,CUST-00013,AXIS,UPI_AUTOPAY,AXIS:UPI_AUTOPAY,2026-07-27 12:35:17+00:00,2026-07,199,0.589,U30,bank_downtime
EVT-42-00149,MND-00120,CUST-00120,ICICI,UPI_AUTOPAY,ICICI:UPI_AUTOPAY,2026-08-12 18:12:03+00:00,2026-08,499,0.603,INSUFFICIENT_FUNDS,insufficient_funds
EVT-42-00150,MND-00015,CUST-00015,AXIS,UPI_AUTOPAY,AXIS:UPI_AUTOPAY,2026-07-30 21:52:03+00:00,2026-07,199,0.749,INSUFFICIENT_FUNDS,insufficient_funds
EVT-42-00151,MND-00007,CUST-00007,SBI,UPI_AUTOPAY,SBI:UPI_AUTOPAY,2026-07-21 10:20:21+00:00,2026-07,4999,0.887,INSUFFICIENT_FUNDS,insufficient_funds
EVT-42-00152,MND-00058,CUST-00058,SBI,UPI_AUTOPAY,SBI:UPI_AUTOPAY,2026-08-03 18:27:47+00:00,2026-08,2999,0.623,UMN,mandate_revoked
EVT-42-00153,MND-00133,CUST-00133,SBI,UPI_AUTOPAY,SBI:UPI_AUTOPAY,2026-07-31 09:50:08+00:00,2026-07,499,0.649,UMN,mandate_revoked
EVT-42-00154,MND-00099,CUST-00099,HDFC,UPI_AUTOPAY,HDFC:UPI_AUTOPAY,2026-08-19 07:30:03+00:00,2026-08,199,0.771,PER_TXN_LIMIT_EXCEEDED,payer_limit_exceeded
EVT-42-00155,MND-00014,CUST-00014,SBI,UPI_AUTOPAY,SBI:UPI_AUTOPAY,2026-08-20 03:36:49+00:00,2026-08,199,0.861,MANDATE_SUSPENDED,mandate_paused
EVT-42-00156,MND-00120,CUST-00120,ICICI,UPI_AUTOPAY,ICICI:UPI_AUTOPAY,2026-08-12 12:08:40+00:00,2026-08,999,0.603,MANDATE_SUSPENDED,mandate_paused
EVT-42-00157,MND-00121,CUST-00121,SBI,UPI_AUTOPAY,SBI:UPI_AUTOPAY,2026-07-23 23:53:11+00:00,2026-07,2999,0.907,U14,insufficient_funds
EVT-42-00158,MND-00115,CUST-00115,SBI,UPI_AUTOPAY,SBI:UPI_AUTOPAY,2026-08-07 17:15:51+00:00,2026-08,999,0.591,PER_TXN_LIMIT_EXCEEDED,payer_limit_exceeded
EVT-42-00159,MND-00129,CUST-00129,SBI,UPI_AUTOPAY,SBI:UPI_AUTOPAY,2026-08-15 03:31:09+00:00,2026-08,4999,0.968,UMN,mandate_revoked
EVT-42-00160,MND-00034,CUST-00034,AXIS,UPI_AUTOPAY,AXIS:UPI_AUTOPAY,2026-07-26 11:12:08+00:00,2026-07,499,0.743,U14,insufficient_funds
EVT-42-00161,MND-00141,CUST-00141,HDFC,UPI_AUTOPAY,HDFC:UPI_AUTOPAY,2026-07-23 09:08:29+00:00,2026-07,499,0.896,MANDATE_SUSPENDED,mandate_paused
EVT-42-00162,MND-00046,CUST-00046,ICICI,UPI_AUTOPAY,ICICI:UPI_AUTOPAY,2026-07-21 13:00:45+00:00,2026-07,999,0.736,INSUFFICIENT_FUNDS,insufficient_funds
EVT-42-00163,MND-00115,CUST-00115,SBI,UPI_AUTOPAY,SBI:UPI_AUTOPAY,2026-08-17 20:05:39+00:00,2026-08,499,0.591,INSUFFICIENT_FUNDS,insufficient_funds
EVT-42-00164,MND-00083,CUST-00083,AXIS,UPI_AUTOPAY,AXIS:UPI_AUTOPAY,2026-07-30 02:28:45+00:00,2026-07,4999,0.839,PER_TXN_LIMIT_EXCEEDED,payer_limit_exceeded
EVT-42-00165,MND-00112,CUST-00112,SBI,UPI_AUTOPAY,SBI:UPI_AUTOPAY,2026-08-04 05:26:59+00:00,2026-08,199,0.882,U90,technical_decline
EVT-42-00166,MND-00090,CUST-00090,ICICI,UPI_AUTOPAY,ICICI:UPI_AUTOPAY,2026-08-10 00:06:57+00:00,2026-08,999,0.649,U68,technical_decline
EVT-42-00167,MND-00092,CUST-00092,AXIS,UPI_AUTOPAY,AXIS:UPI_AUTOPAY,2026-08-13 03:28:06+00:00,2026-08,999,0.789,U14,insufficient_funds
EVT-42-00168,MND-00088,CUST-00088,AXIS,UPI_AUTOPAY,AXIS:UPI_AUTOPAY,2026-08-25 17:00:47+00:00,2026-08,199,0.596,UMN,mandate_revoked
EVT-42-00169,MND-00112,CUST-00112,SBI,UPI_AUTOPAY,SBI:UPI_AUTOPAY,2026-08-18 17:53:52+00:00,2026-08,999,0.882,PER_TXN_LIMIT_EXCEEDED,payer_limit_exceeded
EVT-42-00170,MND-00106,CUST-00106,AXIS,UPI_AUTOPAY,AXIS:UPI_AUTOPAY,2026-08-06 18:02:12+00:00,2026-08,999,0.933,INSUFFICIENT_FUNDS,insufficient_funds
EVT-42-00171,MND-00019,CUST-00019,ICICI,UPI_AUTOPAY,ICICI:UPI_AUTOPAY,2026-07-22 01:56:57+00:00,2026-07,499,0.849,AUTH_TIMEOUT,authentication_failure
EVT-42-00172,MND-00118,CUST-00118,HDFC,UPI_AUTOPAY,HDFC:UPI_AUTOPAY,2026-07-23 10:38:01+00:00,2026-07,199,0.953,U14,insufficient_funds
EVT-42-00173,MND-00077,CUST-00077,HDFC,UPI_AUTOPAY,HDFC:UPI_AUTOPAY,2026-08-22 13:05:35+00:00,2026-08,199,0.559,U69,bank_downtime
EVT-42-00174,MND-00046,CUST-00046,ICICI,UPI_AUTOPAY,ICICI:UPI_AUTOPAY,2026-07-31 00:45:43+00:00,2026-07,199,0.736,BANK_NOT_AVAILABLE,bank_downtime
EVT-42-00175,MND-00074,CUST-00074,SBI,UPI_AUTOPAY,SBI:UPI_AUTOPAY,2026-08-27 09:31:05+00:00,2026-08,999,0.693,AUTH_TIMEOUT,authentication_failure
EVT-42-00176,MND-00139,CUST-00139,ICICI,UPI_AUTOPAY,ICICI:UPI_AUTOPAY,2026-07-31 02:10:26+00:00,2026-07,199,0.8,U69,bank_downtime
EVT-42-00177,MND-00123,CUST-00123,ICICI,UPI_AUTOPAY,ICICI:UPI_AUTOPAY,2026-08-15 00:22:07+00:00,2026-08,4999,0.627,INSUFFICIENT_FUNDS,insufficient_funds
EVT-42-00178,MND-00120,CUST-00120,ICICI,UPI_AUTOPAY,ICICI:UPI_AUTOPAY,2026-08-10 22:05:36+00:00,2026-08,499,0.603,U14,insufficient_funds
EVT-42-00179,MND-00066,CUST-00066,AXIS,UPI_AUTOPAY,AXIS:UPI_AUTOPAY,2026-07-29 15:19:24+00:00,2026-07,2999,0.887,U30,bank_downtime
EVT-42-00180,MND-00112,CUST-00112,SBI,UPI_AUTOPAY,SBI:UPI_AUTOPAY,2026-08-11 06:22:51+00:00,2026-08,2999,0.882,U14,insufficient_funds
EVT-42-00181,MND-00055,CUST-00055,HDFC,UPI_AUTOPAY,HDFC:UPI_AUTOPAY,2026-07-25 04:29:04+00:00,2026-07,999,0.612,PER_TXN_LIMIT_EXCEEDED,payer_limit_exceeded
EVT-42-00182,MND-00098,CUST-00098,SBI,UPI_AUTOPAY,SBI:UPI_AUTOPAY,2026-08-06 20:26:11+00:00,2026-08,4999,0.675,U69,bank_downtime
EVT-42-00183,MND-00092,CUST-00092,AXIS,UPI_AUTOPAY,AXIS:UPI_AUTOPAY,2026-07-17 16:21:31+00:00,2026-07,199,0.789,U54,authentication_failure
EVT-42-00184,MND-00035,CUST-00035,HDFC,UPI_AUTOPAY,HDFC:UPI_AUTOPAY,2026-08-02 10:50:38+00:00,2026-08,499,0.667,AUTH_TIMEOUT,authentication_failure
EVT-42-00185,MND-00038,CUST-00038,ICICI,UPI_AUTOPAY,ICICI:UPI_AUTOPAY,2026-08-17 04:49:08+00:00,2026-08,499,0.746,INSUFFICIENT_FUNDS,insufficient_funds
EVT-42-00186,MND-00008,CUST-00008,HDFC,UPI_AUTOPAY,HDFC:UPI_AUTOPAY,2026-07-27 21:17:20+00:00,2026-07,199,0.836,BANK_NOT_AVAILABLE,bank_downtime
EVT-42-00187,MND-00020,CUST-00020,SBI,UPI_AUTOPAY,SBI:UPI_AUTOPAY,2026-08-12 09:34:57+00:00,2026-08,499,0.742,UMN,mandate_revoked
EVT-42-00188,MND-00062,CUST-00062,ICICI,UPI_AUTOPAY,ICICI:UPI_AUTOPAY,2026-08-06 16:53:08+00:00,2026-08,499,0.804,U69,bank_downtime
EVT-42-00189,MND-00068,CUST-00068,HDFC,UPI_AUTOPAY,HDFC:UPI_AUTOPAY,2026-08-24 18:48:27+00:00,2026-08,2999,0.759,INSUFFICIENT_FUNDS,insufficient_funds
EVT-42-00190,MND-00023,CUST-00023,AXIS,UPI_AUTOPAY,AXIS:UPI_AUTOPAY,2026-08-25 11:37:50+00:00,2026-08,499,0.821,U90,technical_decline
EVT-42-00191,MND-00060,CUST-00060,AXIS,UPI_AUTOPAY,AXIS:UPI_AUTOPAY,2026-08-05 14:03:49+00:00,2026-08,4999,0.8,gateway declined: reason unclear,unknown
EVT-42-00192,MND-00087,CUST-00087,ICICI,UPI_AUTOPAY,ICICI:UPI_AUTOPAY,2026-08-22 08:44:35+00:00,2026-08,2999,0.881,PER_TXN_LIMIT_EXCEEDED,payer_limit_exceeded
EVT-42-00193,MND-00033,CUST-00033,SBI,UPI_AUTOPAY,SBI:UPI_AUTOPAY,2026-07-17 16:22:37+00:00,2026-07,4999,0.858,INSUFFICIENT_FUNDS,insufficient_funds
EVT-42-00194,MND-00048,CUST-00048,SBI,UPI_AUTOPAY,SBI:UPI_AUTOPAY,2026-07-23 04:14:29+00:00,2026-07,199,0.801,MANDATE_SUSPENDED,mandate_paused
EVT-42-00195,MND-00052,CUST-00052,ICICI,UPI_AUTOPAY,ICICI:UPI_AUTOPAY,2026-07-30 22:07:32+00:00,2026-07,4999,0.568,PER_TXN_LIMIT_EXCEEDED,payer_limit_exceeded
EVT-42-00196,MND-00072,CUST-00072,ICICI,UPI_AUTOPAY,ICICI:UPI_AUTOPAY,2026-07-28 03:18:54+00:00,2026-07,2999,0.754,U14,insufficient_funds
EVT-42-00197,MND-00052,CUST-00052,ICICI,UPI_AUTOPAY,ICICI:UPI_AUTOPAY,2026-08-04 23:17:03+00:00,2026-08,4999,0.568,M014,mandate_paused
EVT-42-00198,MND-00106,CUST-00106,AXIS,UPI_AUTOPAY,AXIS:UPI_AUTOPAY,2026-08-28 06:20:19+00:00,2026-08,499,0.933,U30,bank_downtime
EVT-42-00199,MND-00047,CUST-00047,AXIS,UPI_AUTOPAY,AXIS:UPI_AUTOPAY,2026-08-13 15:41:05+00:00,2026-08,4999,0.82,BANK_NOT_AVAILABLE,bank_downtime
EVT-42-00200,MND-00062,CUST-00062,ICICI,UPI_AUTOPAY,ICICI:UPI_AUTOPAY,2026-08-08 14:48:00+00:00,2026-08,999,0.804,UMN,mandate_revoked
EVT-42-00201,MND-00054,CUST-00054,ICICI,UPI_AUTOPAY,ICICI:UPI_AUTOPAY,2026-07-20 23:32:36+00:00,2026-07,199,0.692,BANK_NOT_AVAILABLE,bank_downtime
EVT-42-00202,MND-00026,CUST-00026,ICICI,UPI_AUTOPAY,ICICI:UPI_AUTOPAY,2026-08-21 07:08:59+00:00,2026-08,999,0.601,U69,bank_downtime
EVT-42-00203,MND-00098,CUST-00098,SBI,UPI_AUTOPAY,SBI:UPI_AUTOPAY,2026-08-08 20:01:42+00:00,2026-08,199,0.675,U54,authentication_failure
EVT-42-00204,MND-00033,CUST-00033,SBI,UPI_AUTOPAY,SBI:UPI_AUTOPAY,2026-08-15 08:10:49+00:00,2026-08,4999,0.858,ERR_UNMAPPED_9007,unknown
EVT-42-00205,MND-00042,CUST-00042,SBI,UPI_AUTOPAY,SBI:UPI_AUTOPAY,2026-08-24 06:35:45+00:00,2026-08,499,0.626,UMN,mandate_revoked
EVT-42-00206,MND-00114,CUST-00114,SBI,UPI_AUTOPAY,SBI:UPI_AUTOPAY,2026-08-26 03:42:52+00:00,2026-08,499,0.711,U54,authentication_failure
EVT-42-00207,MND-00136,CUST-00136,SBI,UPI_AUTOPAY,SBI:UPI_AUTOPAY,2026-08-14 07:00:21+00:00,2026-08,999,0.602,XZ-991,unknown
EVT-42-00208,MND-00096,CUST-00096,HDFC,UPI_AUTOPAY,HDFC:UPI_AUTOPAY,2026-08-27 16:45:51+00:00,2026-08,999,0.686,U69,bank_downtime
EVT-42-00209,MND-00131,CUST-00131,SBI,UPI_AUTOPAY,SBI:UPI_AUTOPAY,2026-08-27 06:16:27+00:00,2026-08,199,0.612,U14,insufficient_funds
EVT-42-00210,MND-00123,CUST-00123,ICICI,UPI_AUTOPAY,ICICI:UPI_AUTOPAY,2026-08-15 04:10:38+00:00,2026-08,4999,0.627,U14,insufficient_funds
EVT-42-00211,MND-00069,CUST-00069,ICICI,UPI_AUTOPAY,ICICI:UPI_AUTOPAY,2026-08-21 16:23:18+00:00,2026-08,4999,0.761,U69,bank_downtime
EVT-42-00212,MND-00110,CUST-00110,ICICI,UPI_AUTOPAY,ICICI:UPI_AUTOPAY,2026-08-06 21:01:12+00:00,2026-08,2999,0.773,U16,payer_limit_exceeded
EVT-42-00213,MND-00047,CUST-00047,AXIS,UPI_AUTOPAY,AXIS:UPI_AUTOPAY,2026-08-30 02:38:23+00:00,2026-08,2999,0.82,INSUFFICIENT_FUNDS,insufficient_funds
EVT-42-00214,MND-00066,CUST-00066,AXIS,UPI_AUTOPAY,AXIS:UPI_AUTOPAY,2026-08-17 20:26:58+00:00,2026-08,999,0.887,INSUFFICIENT_FUNDS,insufficient_funds
EVT-42-00215,MND-00077,CUST-00077,HDFC,UPI_AUTOPAY,HDFC:UPI_AUTOPAY,2026-08-10 09:44:54+00:00,2026-08,999,0.559,BANK_NOT_AVAILABLE,bank_downtime
EVT-42-00216,MND-00138,CUST-00138,ICICI,UPI_AUTOPAY,ICICI:UPI_AUTOPAY,2026-07-18 18:19:46+00:00,2026-07,999,0.849,U30,bank_downtime
EVT-42-00217,MND-00122,CUST-00122,SBI,UPI_AUTOPAY,SBI:UPI_AUTOPAY,2026-08-02 20:58:32+00:00,2026-08,199,0.616,U90,technical_decline
EVT-42-00218,MND-00070,CUST-00070,AXIS,UPI_AUTOPAY,AXIS:UPI_AUTOPAY,2026-07-22 05:21:58+00:00,2026-07,199,0.953,U69,bank_downtime
EVT-42-00219,MND-00093,CUST-00093,ICICI,UPI_AUTOPAY,ICICI:UPI_AUTOPAY,2026-08-15 20:33:03+00:00,2026-08,499,0.709,U14,insufficient_funds
EVT-42-00220,MND-00029,CUST-00029,ICICI,UPI_AUTOPAY,ICICI:UPI_AUTOPAY,2026-08-10 07:54:53+00:00,2026-08,999,0.851,INSUFFICIENT_FUNDS,insufficient_funds
EVT-42-00221,MND-00115,CUST-00115,SBI,UPI_AUTOPAY,SBI:UPI_AUTOPAY,2026-08-12 07:21:57+00:00,2026-08,199,0.591,U14,insufficient_funds
EVT-42-00222,MND-00079,CUST-00079,SBI,UPI_AUTOPAY,SBI:UPI_AUTOPAY,2026-07-22 22:33:17+00:00,2026-07,199,0.935,UMN,mandate_revoked
EVT-42-00223,MND-00076,CUST-00076,ICICI,UPI_AUTOPAY,ICICI:UPI_AUTOPAY,2026-07-18 19:50:58+00:00,2026-07,4999,0.739,INSUFFICIENT_FUNDS,insufficient_funds
EVT-42-00224,MND-00110,CUST-00110,ICICI,UPI_AUTOPAY,ICICI:UPI_AUTOPAY,2026-07-18 04:56:07+00:00,2026-07,499,0.773,U69,bank_downtime
EVT-42-00225,MND-00091,CUST-00091,AXIS,UPI_AUTOPAY,AXIS:UPI_AUTOPAY,2026-07-28 11:49:30+00:00,2026-07,999,0.566,INSUFFICIENT_FUNDS,insufficient_funds
EVT-42-00226,MND-00010,CUST-00010,SBI,UPI_AUTOPAY,SBI:UPI_AUTOPAY,2026-08-08 21:05:16+00:00,2026-08,999,0.9,AUTH_TIMEOUT,authentication_failure
EVT-42-00227,MND-00041,CUST-00041,AXIS,UPI_AUTOPAY,AXIS:UPI_AUTOPAY,2026-08-06 00:11:51+00:00,2026-08,2999,0.799,M014,mandate_paused
EVT-42-00228,MND-00025,CUST-00025,SBI,UPI_AUTOPAY,SBI:UPI_AUTOPAY,2026-07-17 17:38:26+00:00,2026-07,2999,0.588,MANDATE_SUSPENDED,mandate_paused
EVT-42-00229,MND-00105,CUST-00105,AXIS,UPI_AUTOPAY,AXIS:UPI_AUTOPAY,2026-08-18 23:54:14+00:00,2026-08,499,0.977,MANDATE_SUSPENDED,mandate_paused
EVT-42-00230,MND-00005,CUST-00005,AXIS,UPI_AUTOPAY,AXIS:UPI_AUTOPAY,2026-08-15 01:49:13+00:00,2026-08,4999,0.835,U16,payer_limit_exceeded
EVT-42-00231,MND-00029,CUST-00029,ICICI,UPI_AUTOPAY,ICICI:UPI_AUTOPAY,2026-07-21 23:36:08+00:00,2026-07,499,0.851,U30,bank_downtime
EVT-42-00232,MND-00086,CUST-00086,HDFC,UPI_AUTOPAY,HDFC:UPI_AUTOPAY,2026-08-13 10:43:10+00:00,2026-08,4999,0.863,INSUFFICIENT_FUNDS,insufficient_funds
EVT-42-00233,MND-00100,CUST-00100,AXIS,UPI_AUTOPAY,AXIS:UPI_AUTOPAY,2026-08-20 00:09:58+00:00,2026-08,999,0.66,UMN,mandate_revoked
EVT-42-00234,MND-00072,CUST-00072,ICICI,UPI_AUTOPAY,ICICI:UPI_AUTOPAY,2026-08-05 10:07:58+00:00,2026-08,199,0.754,INSUFFICIENT_FUNDS,insufficient_funds
EVT-42-00235,MND-00123,CUST-00123,ICICI,UPI_AUTOPAY,ICICI:UPI_AUTOPAY,2026-08-16 09:58:08+00:00,2026-08,2999,0.627,U54,authentication_failure
EVT-42-00236,MND-00132,CUST-00132,HDFC,UPI_AUTOPAY,HDFC:UPI_AUTOPAY,2026-07-21 14:41:02+00:00,2026-07,199,0.556,U14,insufficient_funds
EVT-42-00237,MND-00019,CUST-00019,ICICI,UPI_AUTOPAY,ICICI:UPI_AUTOPAY,2026-07-21 20:57:15+00:00,2026-07,2999,0.849,U16,payer_limit_exceeded
EVT-42-00238,MND-00137,CUST-00137,HDFC,UPI_AUTOPAY,HDFC:UPI_AUTOPAY,2026-08-17 10:15:20+00:00,2026-08,199,0.768,U54,authentication_failure
EVT-42-00239,MND-00088,CUST-00088,AXIS,UPI_AUTOPAY,AXIS:UPI_AUTOPAY,2026-08-07 02:27:54+00:00,2026-08,499,0.596,INSUFFICIENT_FUNDS,insufficient_funds
